name,address,phone_number
돈독업 파주아웃렛,경기도 파주시 소리천로8번길 36,050-6957-9880
돈독업 모란,경기도 성남시 중원구 둔촌대로101번길 27,070-8019-3107
돈독업 하남미사,경기도 하남시 미사강변중앙로 180,0507-1855-5062
돈독업 인천구월,인천광역시 남동구 성말로 16,010-5522-8747
돈독업 마곡발산,서울특별시 강서구 마곡중앙6로 85,050-6758-5468
돈독업 천안신부,충청남도 천안시 동남구 먹거리10길 13,0507-1326-3094
돈독업 광주첨단,광주광역시 광산구 첨단중앙로106번길 50,010-5856-9538
돈독업 천호로데오,서울특별시 강동구 천호대로157길 18,050-5885-1005
돈독업 안양1번가,경기도 안양시 만안구 안양로292번길 18,0507-1855-2944
돈독업 강남,서울특별시 강남구 강남대로102길 22,0507-1387-8613
돈독업 광주종양로,광주광역시 동구 종양로160번길 12,0507-0177-1551
돈독업 행궁,경기도 수원시 팔달구 신풍로 52,050-6524-8562
돈독업 범계,경기도 안양시 동안구 평촌대로223번길 16,010-7390-7090
